"DESCRIPTION","DURATION IN MS","NAME","PARENT SUITE","START TIME","STATUS","STOP TIME","SUB SUITE","SUITE","TEST CLASS","TEST METHOD"
"Создание заказа с невалидным ID питомца","188","Создание заказа с невалидным ID питомца","tests.store","Tue Aug 05 23:06:35 UTC 2025","failed","Tue Aug 05 23:06:36 UTC 2025","TestStore","test_store","",""
"Создание питомца","946","Создание питомца","tests.pet","Tue Aug 05 23:06:11 UTC 2025","passed","Tue Aug 05 23:06:12 UTC 2025","TestPet","test_pet","",""
"Удаление пользователя.","5751","Удаление пользователя","tests.user","Tue Aug 05 23:06:39 UTC 2025","passed","Tue Aug 05 23:06:45 UTC 2025","TestUser","test_user","",""
"Создание заказа с невалидными данными","188","Создание заказа с невалидными данными","tests.store","Tue Aug 05 23:06:35 UTC 2025","failed","Tue Aug 05 23:06:35 UTC 2025","TestStore","test_store","",""
"Создание питомца","191","Создание питомца","tests.pet","Tue Aug 05 23:06:12 UTC 2025","passed","Tue Aug 05 23:06:12 UTC 2025","TestPet","test_pet","",""
"Создание заказа с невалидным статусом","187","Создание заказа с невалидным статусом","tests.store","Tue Aug 05 23:06:35 UTC 2025","failed","Tue Aug 05 23:06:35 UTC 2025","TestStore","test_store","",""
"Получение информации о заказе по несуществующему ID","195","Получение информации о заказе по несуществующему ID","tests.store","Tue Aug 05 23:06:39 UTC 2025","passed","Tue Aug 05 23:06:39 UTC 2025","TestStore","test_store","",""
"Создание питомца","191","Создание питомца","tests.pet","Tue Aug 05 23:06:12 UTC 2025","passed","Tue Aug 05 23:06:12 UTC 2025","TestPet","test_pet","",""
"Создание и получение информации о заказе","5830","Создание и получение информации о заказе","tests.store","Tue Aug 05 23:06:44 UTC 2025","passed","Tue Aug 05 23:06:50 UTC 2025","TestStore","test_store","",""
"Создание заказа с невалидным ID","188","Создание заказа с невалидным ID","tests.store","Tue Aug 05 23:06:35 UTC 2025","failed","Tue Aug 05 23:06:35 UTC 2025","TestStore","test_store","",""
"Создание пользователя из массива.","597","Создание пользователя из массива","tests.user","Tue Aug 05 23:06:44 UTC 2025","passed","Tue Aug 05 23:06:44 UTC 2025","TestUser","test_user","",""
"Создание и удаление заказа","5795","Создание и удаление заказа","tests.store","Tue Aug 05 23:06:33 UTC 2025","passed","Tue Aug 05 23:06:39 UTC 2025","TestStore","test_store","",""
"Удаление заказа по несуществующему ID","187","Удаление заказа по несуществующему ID","tests.store","Tue Aug 05 23:06:34 UTC 2025","passed","Tue Aug 05 23:06:35 UTC 2025","TestStore","test_store","",""
"Добавление питомца без обязательного поля name","210","Создание питомца без обязательного поля name","tests.pet","Tue Aug 05 23:06:33 UTC 2025","failed","Tue Aug 05 23:06:34 UTC 2025","TestPet","test_pet","",""
"Создание заказа с невалидным количеством","189","Создание заказа с невалидным количеством","tests.store","Tue Aug 05 23:06:35 UTC 2025","failed","Tue Aug 05 23:06:35 UTC 2025","TestStore","test_store","",""
"Авторизация пользователя.","5352","Авторизация пользователя","tests.user","Tue Aug 05 23:06:45 UTC 2025","passed","Tue Aug 05 23:06:51 UTC 2025","TestUser","test_user","",""
"Создание и добавление тега питомцу","10629","Создание и добавление тега питомцу","tests.pet","Tue Aug 05 23:06:12 UTC 2025","passed","Tue Aug 05 23:06:23 UTC 2025","TestPet","test_pet","",""
"Создание и удаление питомца","10382","Создание и удаление питомца","tests.pet","Tue Aug 05 23:06:33 UTC 2025","failed","Tue Aug 05 23:06:43 UTC 2025","TestPet","test_pet","",""
"Обновление информации о пользователе.","5385","Обновление информации о пользователе","tests.user","Tue Aug 05 23:06:42 UTC 2025","passed","Tue Aug 05 23:06:47 UTC 2025","TestUser","test_user","",""
"Создание и получение информации о питомце","10384","Создание и получение информации о питомце","tests.pet","Tue Aug 05 23:06:12 UTC 2025","failed","Tue Aug 05 23:06:23 UTC 2025","TestPet","test_pet","",""
"Создание заказа","601","Создание заказа","tests.store","Tue Aug 05 23:06:43 UTC 2025","passed","Tue Aug 05 23:06:44 UTC 2025","TestStore","test_store","",""
"Создание питомца","201","Создание питомца","tests.pet","Tue Aug 05 23:06:12 UTC 2025","passed","Tue Aug 05 23:06:12 UTC 2025","TestPet","test_pet","",""
"Загрузка фото питомца","0","Создание и загрузка фото питомца","tests.pet","Tue Aug 05 23:06:12 UTC 2025","skipped","Tue Aug 05 23:06:12 UTC 2025","TestPet","test_pet","",""
"Создание и обновление категории питомца","10572","Создание и обновление категории питомца","tests.pet","Tue Aug 05 23:06:23 UTC 2025","failed","Tue Aug 05 23:06:33 UTC 2025","TestPet","test_pet","",""
"Создание и удаление тега у питомца","10837","Создание и удаление тега у питомца","tests.pet","Tue Aug 05 23:06:23 UTC 2025","passed","Tue Aug 05 23:06:33 UTC 2025","TestPet","test_pet","",""
"Создание питомца","942","Создание питомца","tests.pet","Tue Aug 05 23:06:11 UTC 2025","passed","Tue Aug 05 23:06:12 UTC 2025","TestPet","test_pet","",""
"Создание пользователя.","719","Создание пользователя","tests.user","Tue Aug 05 23:06:36 UTC 2025","passed","Tue Aug 05 23:06:36 UTC 2025","TestUser","test_user","",""
"Создание питомца","901","Создание питомца","tests.pet","Tue Aug 05 23:06:11 UTC 2025","passed","Tue Aug 05 23:06:12 UTC 2025","TestPet","test_pet","",""
"Создание питомца","191","Создание питомца","tests.pet","Tue Aug 05 23:06:12 UTC 2025","passed","Tue Aug 05 23:06:12 UTC 2025","TestPet","test_pet","",""
"Добавление питомца без обязательного поля photoUrls","191","Создание питомца без обязательного поля photoUrls","tests.pet","Tue Aug 05 23:06:33 UTC 2025","failed","Tue Aug 05 23:06:33 UTC 2025","TestPet","test_pet","",""
"Создание и обновление информации о питомце","20575","Создание и обновление информации о питомце","tests.pet","Tue Aug 05 23:06:12 UTC 2025","failed","Tue Aug 05 23:06:32 UTC 2025","TestPet","test_pet","",""
"Создание питомца","898","Создание питомца","tests.pet","Tue Aug 05 23:06:11 UTC 2025","passed","Tue Aug 05 23:06:12 UTC 2025","TestPet","test_pet","",""
"Создание и поиск питомца по статусу","10539","Создание и поиск питомца по статусу","tests.pet","Tue Aug 05 23:06:23 UTC 2025","failed","Tue Aug 05 23:06:33 UTC 2025","TestPet","test_pet","",""
"Создание и обновление статуса питомца","10603","Создание и обновление статуса питомца","tests.pet","Tue Aug 05 23:06:12 UTC 2025","passed","Tue Aug 05 23:06:23 UTC 2025","TestPet","test_pet","",""
"Создание питомца","190","Создание питомца","tests.pet","Tue Aug 05 23:06:12 UTC 2025","passed","Tue Aug 05 23:06:12 UTC 2025","TestPet","test_pet","",""
"Получение информации о складе","710","Получение информации о складе","tests.store","Tue Aug 05 23:06:34 UTC 2025","passed","Tue Aug 05 23:06:34 UTC 2025","TestStore","test_store","",""
"Создание питомца","210","Создание питомца","tests.pet","Tue Aug 05 23:06:12 UTC 2025","passed","Tue Aug 05 23:06:12 UTC 2025","TestPet","test_pet","",""
"Создание и удаление категории у питомца","10805","Создание и удаление категории у питомца","tests.pet","Tue Aug 05 23:06:33 UTC 2025","failed","Tue Aug 05 23:06:44 UTC 2025","TestPet","test_pet","",""
"Выход из аккаунта.","10580","Выход из аккаунта","tests.user","Tue Aug 05 23:06:47 UTC 2025","passed","Tue Aug 05 23:06:58 UTC 2025","TestUser","test_user","",""
"Получение информации о пользователе.","5390","Получение информации о пользователе","tests.user","Tue Aug 05 23:06:36 UTC 2025","failed","Tue Aug 05 23:06:42 UTC 2025","TestUser","test_user","",""
